<?xml version='1.0' encoding='UTF-8'?>
<?artifactRepository version='1.1.0'?>
<repository name='Bundle pool' type='org.eclipse.equinox.p2.artifact.repository.simpleRepository' version='1'>
  <properties size='2'>
    <property name='p2.system' value='true'/>
    <property name='p2.timestamp' value='1516891004479'/>
  </properties>
  <mappings size='3'>
    <rule filter='(&amp; (classifier=osgi.bundle))' output='${repoUrl}/plugins/${id}_${version}.jar'/>
    <rule filter='(&amp; (classifier=binary))' output='${repoUrl}/binary/${id}_${version}'/>
    <rule filter='(&amp; (classifier=org.eclipse.update.feature))' output='${repoUrl}/features/${id}_${version}.jar'/>
  </mappings>
  <artifacts size='65'>
    <artifact classifier='osgi.bundle' id='org.apache.ant' version='1.9.2.v201404171502'>
      <properties size='1'>
        <property name='download.size' value='2416907'/>
      </properties>
      <repositoryProperties size='1'>
        <property name='artifact.folder' value='true'/>
      </repositoryProperties>
    </artifact>
    <artifact classifier='osgi.bundle' id='org.eclipse.core.resources' version='3.9.1.v20140825-1431'>
      <properties size='1'>
        <property name='download.size' value='833742'/>
      </properties>
    </artifact>
    <artifact classifier='osgi.bundle' id='org.eclipse.equinox.app' version='1.3.200.v20130910-1609'>
      <properties size='1'>
        <property name='download.size' value='86245'/>
      </properties>
    </artifact>
    <artifact classifier='osgi.bundle' id='org.eclipse.xtext.util' version='2.7.2.v201409160908'>
      <properties size='1'>
        <property name='download.size' value='220646'/>
      </properties>
    </artifact>
    <artifact classifier='osgi.bundle' id='org.eclipse.xtext.xbase.lib' version='2.7.2.v201409160908'>
      <properties size='1'>
        <property name='download.size' value='136212'/>
      </properties>
    </artifact>
    <artifact classifier='osgi.bundle' id='org.eclipse.emf.mwe.utils' version='1.3.4.v201409021027'>
      <properties size='1'>
        <property name='download.size' value='34618'/>
      </properties>
    </artifact>
    <artifact classifier='osgi.bundle' id='org.eclipse.xtend.lib' version='2.7.2.v201409160908'>
      <properties size='1'>
        <property name='download.size' value='208369'/>
      </properties>
    </artifact>
    <artifact classifier='osgi.bundle' id='org.apache.commons.logging' version='1.1.1.v201101211721'>
      <properties size='1'>
        <property name='download.size' value='73633'/>
      </properties>
    </artifact>
    <artifact classifier='osgi.bundle' id='org.franca.deploymodel.dsl' version='0.9.1.201412191134'>
      <properties size='1'>
        <property name='download.size' value='868927'/>
      </properties>
    </artifact>
    <artifact classifier='osgi.bundle' id='org.apache.commons.cli' version='1.2.0.v201404270220'>
      <properties size='1'>
        <property name='download.size' value='48957'/>
      </properties>
    </artifact>
    <artifact classifier='osgi.bundle' id='org.eclipse.jdt.debug' version='3.8.102.v20150115-1323'>
      <properties size='1'>
        <property name='download.size' value='870105'/>
      </properties>
      <repositoryProperties size='1'>
        <property name='artifact.folder' value='true'/>
      </repositoryProperties>
    </artifact>
    <artifact classifier='osgi.bundle' id='org.eclipse.xtext.smap' version='2.7.2.v201409160908'>
      <properties size='1'>
        <property name='download.size' value='15816'/>
      </properties>
    </artifact>
    <artifact classifier='osgi.bundle' id='org.eclipse.osgi.services' version='3.4.0.v20140312-2051'>
      <properties size='1'>
        <property name='download.size' value='90686'/>
      </properties>
    </artifact>
    <artifact classifier='osgi.bundle' id='org.eclipse.xtext' version='2.7.2.v201409160908'>
      <properties size='1'>
        <property name='download.size' value='2301763'/>
      </properties>
    </artifact>
    <artifact classifier='osgi.bundle' id='org.genivi.commonapi.core' version='3.1.12.v201801231741'>
      <properties size='1'>
        <property name='download.size' value='889013'/>
      </properties>
    </artifact>
    <artifact classifier='osgi.bundle' id='org.apache.commons.lang' version='2.6.0.v201404270220'>
      <properties size='1'>
        <property name='download.size' value='298623'/>
      </properties>
    </artifact>
    <artifact classifier='osgi.bundle' id='org.eclipse.emf.mwe2.lib' version='2.7.0.v201409021027'>
      <properties size='1'>
        <property name='download.size' value='31049'/>
      </properties>
    </artifact>
    <artifact classifier='osgi.bundle' id='org.eclipse.xtend' version='2.0.0.v201406030414'>
      <properties size='1'>
        <property name='download.size' value='546999'/>
      </properties>
    </artifact>
    <artifact classifier='osgi.bundle' id='org.antlr.runtime' version='3.2.0.v201101311130'>
      <properties size='1'>
        <property name='download.size' value='214584'/>
      </properties>
    </artifact>
    <artifact classifier='osgi.bundle' id='org.eclipse.jdt.core' version='3.10.2.v20150120-1634'>
      <properties size='1'>
        <property name='download.size' value='5575866'/>
      </properties>
    </artifact>
    <artifact classifier='osgi.bundle' id='org.genivi.commonapi.someip.deployment.validator' version='3.1.12.v201801251434'>
      <properties size='1'>
        <property name='download.size' value='197434'/>
      </properties>
    </artifact>
    <artifact classifier='osgi.bundle' id='org.eclipse.core.variables' version='3.2.800.v20130819-1716'>
      <properties size='1'>
        <property name='download.size' value='34860'/>
      </properties>
    </artifact>
    <artifact classifier='osgi.bundle' id='javax.annotation' version='1.2.0.v201401042248'>
      <properties size='1'>
        <property name='download.size' value='28155'/>
      </properties>
    </artifact>
    <artifact classifier='osgi.bundle' id='org.eclipse.core.jobs' version='3.6.0.v20140424-0053'>
      <properties size='1'>
        <property name='download.size' value='97549'/>
      </properties>
    </artifact>
    <artifact classifier='osgi.bundle' id='org.eclipse.emf.common' version='2.10.1.v20150123-0348'>
      <properties size='1'>
        <property name='download.size' value='353695'/>
      </properties>
    </artifact>
    <artifact classifier='osgi.bundle' id='org.eclipse.emf.mwe2.runtime' version='2.7.0.v201409021027'>
      <properties size='1'>
        <property name='download.size' value='13256'/>
      </properties>
    </artifact>
    <artifact classifier='osgi.bundle' id='org.eclipse.xtext.generator' version='2.7.2.v201409160908'>
      <properties size='1'>
        <property name='download.size' value='916253'/>
      </properties>
    </artifact>
    <artifact classifier='osgi.bundle' id='org.eclipse.core.commands' version='3.6.100.v20140528-1422'>
      <properties size='1'>
        <property name='download.size' value='109245'/>
      </properties>
    </artifact>
    <artifact classifier='osgi.bundle' id='org.eclipse.equinox.launcher' version='1.3.0.v20140415-2008'>
      <properties size='1'>
        <property name='download.size' value='50200'/>
      </properties>
    </artifact>
    <artifact classifier='osgi.bundle' id='org.eclipse.emf.ecore' version='2.10.2.v20150123-0348'>
      <properties size='1'>
        <property name='download.size' value='1189464'/>
      </properties>
    </artifact>
    <artifact classifier='osgi.bundle' id='org.eclipse.equinox.launcher.win32.win32.x86' version='1.1.200.v20140603-1326'>
      <properties size='1'>
        <property name='download.size' value='27279'/>
      </properties>
      <repositoryProperties size='1'>
        <property name='artifact.folder' value='true'/>
      </repositoryProperties>
    </artifact>
    <artifact classifier='osgi.bundle' id='org.eclipse.core.expressions' version='3.4.600.v20140128-0851'>
      <properties size='1'>
        <property name='download.size' value='88716'/>
      </properties>
    </artifact>
    <artifact classifier='osgi.bundle' id='com.google.guava' version='15.0.0.v201403281430'>
      <properties size='1'>
        <property name='download.size' value='2264167'/>
      </properties>
    </artifact>
    <artifact classifier='osgi.bundle' id='org.eclipse.text' version='3.5.300.v20130515-1451'>
      <properties size='1'>
        <property name='download.size' value='249432'/>
      </properties>
    </artifact>
    <artifact classifier='osgi.bundle' id='org.eclipse.xtext.logging' version='1.2.15.v201409160908'>
      <properties size='1'>
        <property name='download.size' value='10389'/>
      </properties>
    </artifact>
    <artifact classifier='osgi.bundle' id='org.eclipse.xtext.ecore' version='2.7.2.v201409160908'>
      <properties size='1'>
        <property name='download.size' value='15709'/>
      </properties>
    </artifact>
    <artifact classifier='osgi.bundle' id='org.genivi.commonapi.someip' version='3.1.12.v201801251434'>
      <properties size='1'>
        <property name='download.size' value='696960'/>
      </properties>
    </artifact>
    <artifact classifier='osgi.bundle' id='org.eclipse.emf.mwe.core' version='1.3.4.v201409021027'>
      <properties size='1'>
        <property name='download.size' value='186873'/>
      </properties>
    </artifact>
    <artifact classifier='osgi.bundle' id='org.eclipse.xpand' version='2.0.0.v201406030414'>
      <properties size='1'>
        <property name='download.size' value='232288'/>
      </properties>
    </artifact>
    <artifact classifier='osgi.bundle' id='org.genivi.commonapi.someip.cli' version='3.1.12.v201801251434'>
      <properties size='1'>
        <property name='download.size' value='14483'/>
      </properties>
    </artifact>
    <artifact classifier='osgi.bundle' id='javax.xml' version='1.3.4.v201005080400'>
      <properties size='1'>
        <property name='download.size' value='252201'/>
      </properties>
    </artifact>
    <artifact classifier='osgi.bundle' id='javax.inject' version='1.0.0.v20091030'>
      <properties size='1'>
        <property name='download.size' value='16996'/>
      </properties>
    </artifact>
    <artifact classifier='osgi.bundle' id='org.eclipse.xtend.lib.macro' version='2.7.2.v201409160908'>
      <properties size='1'>
        <property name='download.size' value='69166'/>
      </properties>
    </artifact>
    <artifact classifier='osgi.bundle' id='org.eclipse.emf.codegen.ecore' version='2.10.2.v20150123-0452'>
      <properties size='1'>
        <property name='download.size' value='1077883'/>
      </properties>
    </artifact>
    <artifact classifier='osgi.bundle' id='org.franca.core' version='0.9.1.201412191134'>
      <properties size='1'>
        <property name='download.size' value='337827'/>
      </properties>
    </artifact>
    <artifact classifier='osgi.bundle' id='org.eclipse.core.contenttype' version='3.4.200.v20140207-1251'>
      <properties size='1'>
        <property name='download.size' value='93948'/>
      </properties>
    </artifact>
    <artifact classifier='osgi.bundle' id='org.apache.log4j' version='1.2.15.v201012070815'>
      <properties size='1'>
        <property name='download.size' value='415047'/>
      </properties>
    </artifact>
    <artifact classifier='osgi.bundle' id='org.eclipse.equinox.registry' version='3.5.400.v20140428-1507'>
      <properties size='1'>
        <property name='download.size' value='183511'/>
      </properties>
    </artifact>
    <artifact classifier='org.eclipse.update.feature' id='org.genivi.commonapi.console.franca.feature' version='3.1.12.v201801231741'>
      <properties size='1'>
        <property name='download.size' value='2999'/>
      </properties>
      <repositoryProperties size='1'>
        <property name='artifact.folder' value='true'/>
      </repositoryProperties>
    </artifact>
    <artifact classifier='osgi.bundle' id='org.eclipse.osgi' version='3.10.2.v20141020-1740'>
      <properties size='1'>
        <property name='download.size' value='1263045'/>
      </properties>
    </artifact>
    <artifact classifier='org.eclipse.update.feature' id='org.genivi.commonapi.console.feature' version='3.1.12.v201801231741'>
      <properties size='1'>
        <property name='download.size' value='2337'/>
      </properties>
      <repositoryProperties size='1'>
        <property name='artifact.folder' value='true'/>
      </repositoryProperties>
    </artifact>
    <artifact classifier='osgi.bundle' id='org.eclipse.emf.codegen' version='2.10.0.v20150123-0452'>
      <properties size='1'>
        <property name='download.size' value='288429'/>
      </properties>
    </artifact>
    <artifact classifier='osgi.bundle' id='org.eclipse.xtend.typesystem.emf' version='2.0.0.v201406030414'>
      <properties size='1'>
        <property name='download.size' value='65458'/>
      </properties>
    </artifact>
    <artifact classifier='org.eclipse.update.feature' id='org.genivi.commonapi.someip.cli.feature' version='3.1.12.v201801251434'>
      <properties size='1'>
        <property name='download.size' value='2085'/>
      </properties>
      <repositoryProperties size='1'>
        <property name='artifact.folder' value='true'/>
      </repositoryProperties>
    </artifact>
    <artifact classifier='osgi.bundle' id='org.eclipse.core.runtime' version='3.10.0.v20140318-2214'>
      <properties size='1'>
        <property name='download.size' value='75169'/>
      </properties>
    </artifact>
    <artifact classifier='osgi.bundle' id='org.eclipse.equinox.common' version='3.6.200.v20130402-1505'>
      <properties size='1'>
        <property name='download.size' value='106701'/>
      </properties>
    </artifact>
    <artifact classifier='osgi.bundle' id='org.franca.core.dsl' version='0.9.1.201412191134'>
      <properties size='1'>
        <property name='download.size' value='1070746'/>
      </properties>
    </artifact>
    <artifact classifier='osgi.bundle' id='org.eclipse.debug.core' version='3.9.1.v20140805-1629'>
      <properties size='1'>
        <property name='download.size' value='358204'/>
      </properties>
    </artifact>
    <artifact classifier='osgi.bundle' id='org.eclipse.jdt.launching' version='3.7.102.v20141111-0953'>
      <properties size='1'>
        <property name='download.size' value='323041'/>
      </properties>
    </artifact>
    <artifact classifier='osgi.bundle' id='com.ibm.icu' version='52.1.0.v201404241930'>
      <properties size='1'>
        <property name='download.size' value='10731781'/>
      </properties>
    </artifact>
    <artifact classifier='osgi.bundle' id='org.genivi.commonapi.console' version='3.1.12.v201801231741'>
      <properties size='1'>
        <property name='download.size' value='27596'/>
      </properties>
    </artifact>
    <artifact classifier='osgi.bundle' id='org.eclipse.core.filesystem' version='1.4.100.v20140514-1614'>
      <properties size='1'>
        <property name='download.size' value='58234'/>
      </properties>
    </artifact>
    <artifact classifier='osgi.bundle' id='com.google.inject' version='3.0.0.v201312141243'>
      <properties size='1'>
        <property name='download.size' value='520626'/>
      </properties>
    </artifact>
    <artifact classifier='osgi.bundle' id='org.eclipse.equinox.preferences' version='3.5.200.v20140224-1527'>
      <properties size='1'>
        <property name='download.size' value='127161'/>
      </properties>
    </artifact>
    <artifact classifier='osgi.bundle' id='org.eclipse.emf.ecore.xmi' version='2.10.2.v20150123-0348'>
      <properties size='1'>
        <property name='download.size' value='229547'/>
      </properties>
    </artifact>
  </artifacts>
</repository>
